CHANGE_CONTROL,SOURCE_SYSTEM,SOURCE_CODE,SOURCE_DESCRIPTION,TARGET_SYSTEM,TARGET_CODE,TARGET_DESCRIPTION
,V10,036,Australian Dollar,REFERENCE.CORE.CURRENCY,AUD,Australian Dollar
,V10,554,New Zealand Dollar,REFERENCE.CORE.CURRENCY,NZD,New Zealand Dollar
,V2,036,Australian Dollar,REFERENCE.CORE.CURRENCY,AUD,Australian Dollar
,V2,554,New Zealand Dollar,REFERENCE.CORE.CURRENCY,NZD,New Zealand Dollar
,V8,971,Afghani,REFERENCE.CORE.CURRENCY,AFN,Afghani
,V8,012,Algerian Dinar,REFERENCE.CORE.CURRENCY,DZD,Algerian Dinar
,V8,051,Armenian Dram,REFERENCE.CORE.CURRENCY,AMD,Armenian Dram
,V8,533,Aruban Florin,REFERENCE.CORE.CURRENCY,AWG,Aruban Florin
,V8,032,Austral,REFERENCE.CORE.CURRENCY,ARA,Austral
,V8,036,Australian Dollar,REFERENCE.CORE.CURRENCY,AUD,Australian Dollar
,V8,944,Azerbaijan Manat,REFERENCE.CORE.CURRENCY,AZN,Azerbaijan Manat
,V8,044,Bahamian Dollar,REFERENCE.CORE.CURRENCY,BSD,Bahamian Dollar
,V8,048,Bahraini Dinar,REFERENCE.CORE.CURRENCY,BHD,Bahraini Dinar
,V8,764,Baht,REFERENCE.CORE.CURRENCY,THB,Baht
,V8,590,Balboa,REFERENCE.CORE.CURRENCY,PAB,Balboa
,V8,052,Barbados Dollar,REFERENCE.CORE.CURRENCY,BBD,Barbados Dollar
,V8,933,Belarusian Ruble,REFERENCE.CORE.CURRENCY,BYN,Belarusian Ruble
,V8,974,Belarusian Ruble,REFERENCE.CORE.CURRENCY,BYR,Belarusian Ruble
,V8,084,Belize Dollar,REFERENCE.CORE.CURRENCY,BZD,Belize Dollar
,V8,060,Bermudian Dollar,REFERENCE.CORE.CURRENCY,BMD,Bermudian Dollar
,V8,937,Bolivar Fuerte,REFERENCE.CORE.CURRENCY,VEF,Bolivar Fuerte
,V8,928,Bolívar Soberano,REFERENCE.CORE.CURRENCY,VES,Bolívar Soberano
,V8,068,Boliviano,REFERENCE.CORE.CURRENCY,BOB,Boliviano
,V8,986,Brazilian Real,REFERENCE.CORE.CURRENCY,BRL,Brazilian Real
,V8,096,Brunei Dollar,REFERENCE.CORE.CURRENCY,BND,Brunei Dollar
,V8,975,Bulgarian Lev,REFERENCE.CORE.CURRENCY,BGN,Bulgarian Lev
,V8,108,Burundi Franc,REFERENCE.CORE.CURRENCY,BIF,Burundi Franc
,V8,132,Cabo Verde Escudo,REFERENCE.CORE.CURRENCY,CVE,Cabo Verde Escudo
,V8,124,Canadian Dollar,REFERENCE.CORE.CURRENCY,CAD,Canadian Dollar
,V8,136,Cayman Islands Dollar,REFERENCE.CORE.CURRENCY,KYD,Cayman Islands Dollar
,V8,952,CFA Franc BCEAO,REFERENCE.CORE.CURRENCY,XOF,CFA Franc BCEAO
,V8,950,CFA Franc BEAC,REFERENCE.CORE.CURRENCY,XAF,CFA Franc BEAC
,V8,953,CFP Franc,REFERENCE.CORE.CURRENCY,XPF,CFP Franc
,V8,152,Chilean Peso,REFERENCE.CORE.CURRENCY,CLP,Chilean Peso
,V8,170,Colombian Peso,REFERENCE.CORE.CURRENCY,COP,Colombian Peso
,V8,976,Congolese Franc,REFERENCE.CORE.CURRENCY,CDF,Congolese Franc
,V8,977,Convertible Mark,REFERENCE.CORE.CURRENCY,BAM,Convertible Mark
,V8,558,Cordoba,REFERENCE.CORE.CURRENCY,NIC,Cordoba
,V8,188,Costa Rican Colon,REFERENCE.CORE.CURRENCY,CRC,Costa Rican Colon
,V8,191,Croatian Dinar,REFERENCE.CORE.CURRENCY,HRD,Croatian Dinar
,V8,270,Dalasi,REFERENCE.CORE.CURRENCY,GMD,Dalasi
,V8,208,Danish Krone,REFERENCE.CORE.CURRENCY,DKK,Danish Krone
,V8,807,Denar,REFERENCE.CORE.CURRENCY,MKD,Denar
,V8,262,Djibouti Franc,REFERENCE.CORE.CURRENCY,DJF,Djibouti Franc
,V8,214,Dominican Peso,REFERENCE.CORE.CURRENCY,DOP,Dominican Peso
,V8,951,East Caribbean Dollar,REFERENCE.CORE.CURRENCY,XCD,East Caribbean Dollar
,V8,818,Egyptian Pound,REFERENCE.CORE.CURRENCY,EGP,Egyptian Pound
,V8,230,Ethiopian Birr,REFERENCE.CORE.CURRENCY,ETB,Ethiopian Birr
,V8,978,Euro,REFERENCE.CORE.CURRENCY,EUR,Euro
,V8,238,Falkland Islands Pound,REFERENCE.CORE.CURRENCY,FKP,Falkland Islands Pound
,V8,242,Fiji Dollar,REFERENCE.CORE.CURRENCY,FJD,Fiji Dollar
,V8,348,Forint,REFERENCE.CORE.CURRENCY,HUF,Forint
,V8,936,Ghana Cedi,REFERENCE.CORE.CURRENCY,GHS,Ghana Cedi
,V8,292,Gibraltar Pound,REFERENCE.CORE.CURRENCY,GIP,Gibraltar Pound
,V8,332,Gourde,REFERENCE.CORE.CURRENCY,HTG,Gourde
,V8,600,Guarani,REFERENCE.CORE.CURRENCY,PYG,Guarani
,V8,328,Guyana Dollar,REFERENCE.CORE.CURRENCY,GYD,Guyana Dollar
,V8,344,Hong Kong Dollar,REFERENCE.CORE.CURRENCY,HKD,Hong Kong Dollar
,V8,980,Hryvnia,REFERENCE.CORE.CURRENCY,UAH,Hryvnia
,V8,356,Indian Rupee,REFERENCE.CORE.CURRENCY,INR,Indian Rupee
,V8,368,Iraqi Dinar,REFERENCE.CORE.CURRENCY,IQD,Iraqi Dinar
,V8,388,Jamaican Dollar,REFERENCE.CORE.CURRENCY,JMD,Jamaican Dollar
,V8,400,Jordanian Dinar,REFERENCE.CORE.CURRENCY,JOD,Jordanian Dinar
,V8,404,Kenyan Shilling,REFERENCE.CORE.CURRENCY,KES,Kenyan Shilling
,V8,598,Kina,REFERENCE.CORE.CURRENCY,PGK,Kina
,V8,203,Krona A/53,REFERENCE.CORE.CURRENCY,CSJ,Krona A/53
,V8,233,Kroon,REFERENCE.CORE.CURRENCY,EEK,Kroon
,V8,414,Kuwaiti Dinar,REFERENCE.CORE.CURRENCY,KWD,Kuwaiti Dinar
,V8,454,Kwacha,REFERENCE.CORE.CURRENCY,MWK,Kwacha
,V8,973,Kwanza,REFERENCE.CORE.CURRENCY,AOA,Kwanza
,V8,104,Kyat,REFERENCE.CORE.CURRENCY,BUK,Kyat
,V8,981,Lari,REFERENCE.CORE.CURRENCY,GEL,Lari
,V8,428,Latvian Lats,REFERENCE.CORE.CURRENCY,LVL,Latvian Lats
,V8,422,Lebanese Pound,REFERENCE.CORE.CURRENCY,LBP,Lebanese Pound
,V8,340,Lempira,REFERENCE.CORE.CURRENCY,HNL,Lempira
,V8,694,Leone,REFERENCE.CORE.CURRENCY,SLL,Leone
,V8,925,Leone,REFERENCE.CORE.CURRENCY,SLE,Leone
,V8,434,Libyan Dinar,REFERENCE.CORE.CURRENCY,LYD,Libyan Dinar
,V8,440,Lithuanian Litas,REFERENCE.CORE.CURRENCY,LTL,Lithuanian Litas
,V8,969,Malagasy Ariary,REFERENCE.CORE.CURRENCY,MGA,Malagasy Ariary
,V8,458,Malaysian Ringgit,REFERENCE.CORE.CURRENCY,MYR,Malaysian Ringgit
,V8,462,Maldive Rupee,REFERENCE.CORE.CURRENCY,MVQ,Maldive Rupee
,V8,480,Mauritius Rupee,REFERENCE.CORE.CURRENCY,MUR,Mauritius Rupee
,V8,484,Mexican Peso,REFERENCE.CORE.CURRENCY,MXN,Mexican Peso
,V8,498,Moldovan Leu,REFERENCE.CORE.CURRENCY,MDL,Moldovan Leu
,V8,504,Moroccan Dirham,REFERENCE.CORE.CURRENCY,MAD,Moroccan Dirham
,V8,943,Mozambique Metical,REFERENCE.CORE.CURRENCY,MZN,Mozambique Metical
,V8,566,Naira,REFERENCE.CORE.CURRENCY,NGN,Naira
,V8,516,Namibia Dollar,REFERENCE.CORE.CURRENCY,NAD,Namibia Dollar
,V8,524,Nepalese Rupee,REFERENCE.CORE.CURRENCY,NPR,Nepalese Rupee
,V8,532,Netherlands Antillean Guilder,REFERENCE.CORE.CURRENCY,ANG,Netherlands Antillean Guilder
,V8,946,New Romanian Leu ,REFERENCE.CORE.CURRENCY,RON,New Romanian Leu 
,V8,901,New Taiwan Dollar,REFERENCE.CORE.CURRENCY,TWD,New Taiwan Dollar
,V8,949,New Turkish Lira,REFERENCE.CORE.CURRENCY,TRY,New Turkish Lira
,V8,554,New Zealand Dollar,REFERENCE.CORE.CURRENCY,NZD,New Zealand Dollar
,V8,064,Ngultrum,REFERENCE.CORE.CURRENCY,BTN,Ngultrum
,V8,578,Norwegian Krone,REFERENCE.CORE.CURRENCY,NOK,Norwegian Krone
,V8,704,Old Dong,REFERENCE.CORE.CURRENCY,VNC,Old Dong
,V8,352,Old Krona,REFERENCE.CORE.CURRENCY,ISJ,Old Krona
,V8,008,Old Lek,REFERENCE.CORE.CURRENCY,ALK,Old Lek
,V8,858,Old Uruguay Peso,REFERENCE.CORE.CURRENCY,UYN,Old Uruguay Peso
,V8,478,Ouguiya,REFERENCE.CORE.CURRENCY,MRO,Ouguiya
,V8,929,Ouguiya,REFERENCE.CORE.CURRENCY,MRU,Ouguiya
,V8,776,Pa’anga,REFERENCE.CORE.CURRENCY,TOP,Pa’anga
,V8,586,Pakistan Rupee,REFERENCE.CORE.CURRENCY,PKR,Pakistan Rupee
,V8,446,Pataca,REFERENCE.CORE.CURRENCY,MOP,Pataca
,V8,418,Pathet Lao Kip,REFERENCE.CORE.CURRENCY,LAJ,Pathet Lao Kip
,V8,608,Philippine Peso,REFERENCE.CORE.CURRENCY,PHP,Philippine Peso
,V8,376,Pound,REFERENCE.CORE.CURRENCY,ILP,Pound
,V8,826,Pound Sterling,REFERENCE.CORE.CURRENCY,GBP,Pound Sterling
,V8,072,Pula,REFERENCE.CORE.CURRENCY,BWP,Pula
,V8,634,Qatari Rial,REFERENCE.CORE.CURRENCY,QAR,Qatari Rial
,V8,320,Quetzal,REFERENCE.CORE.CURRENCY,GTQ,Quetzal
,V8,710,Rand,REFERENCE.CORE.CURRENCY,ZAR,Rand
,V8,716,Rhodesian Dollar,REFERENCE.CORE.CURRENCY,RHD,Rhodesian Dollar
,V8,512,Rial Omani,REFERENCE.CORE.CURRENCY,OMR,Rial Omani
,V8,116,Riel,REFERENCE.CORE.CURRENCY,KHR,Riel
,V8,360,Rupiah,REFERENCE.CORE.CURRENCY,IDR,Rupiah
,V8,643,Russian Ruble,REFERENCE.CORE.CURRENCY,RUB,Russian Ruble
,V8,646,Rwanda Franc,REFERENCE.CORE.CURRENCY,RWF,Rwanda Franc
,V8,654,Saint Helena Pound,REFERENCE.CORE.CURRENCY,SHP,Saint Helena Pound
,V8,682,Saudi Riyal,REFERENCE.CORE.CURRENCY,SAR,Saudi Riyal
,V8,040,Schilling,REFERENCE.CORE.CURRENCY,ATS,Schilling
,V8,941,Serbian Dinar,REFERENCE.CORE.CURRENCY,RSD,Serbian Dinar
,V8,690,Seychelles Rupee,REFERENCE.CORE.CURRENCY,SCR,Seychelles Rupee
,V8,702,Singapore Dollar,REFERENCE.CORE.CURRENCY,SGD,Singapore Dollar
,V8,703,Slovak Koruna,REFERENCE.CORE.CURRENCY,SKK,Slovak Koruna
,V8,604,Sol,REFERENCE.CORE.CURRENCY,PEH,Sol
,V8,090,Solomon Islands Dollar,REFERENCE.CORE.CURRENCY,SBD,Solomon Islands Dollar
,V8,417,Som,REFERENCE.CORE.CURRENCY,KGS,Som
,V8,706,Somali Shilling,REFERENCE.CORE.CURRENCY,SOS,Somali Shilling
,V8,972,Somoni,REFERENCE.CORE.CURRENCY,TJS,Somoni
,V8,728,South Sudanese Pound,REFERENCE.CORE.CURRENCY,SSP,South Sudanese Pound
,V8,144,Sri Lanka Rupee,REFERENCE.CORE.CURRENCY,LKR,Sri Lanka Rupee
,V8,968,Surinam Dollar,REFERENCE.CORE.CURRENCY,SRD,Surinam Dollar
,V8,752,Swedish Krona,REFERENCE.CORE.CURRENCY,SEK,Swedish Krona
,V8,756,Swiss Franc,REFERENCE.CORE.CURRENCY,CHF,Swiss Franc
,V8,324,Syli,REFERENCE.CORE.CURRENCY,GNE,Syli
,V8,760,Syrian Pound,REFERENCE.CORE.CURRENCY,SYP,Syrian Pound
,V8,050,Taka,REFERENCE.CORE.CURRENCY,BDT,Taka
,V8,882,Tala,REFERENCE.CORE.CURRENCY,WST,Tala
,V8,834,Tanzanian Shilling,REFERENCE.CORE.CURRENCY,TZS,Tanzanian Shilling
,V8,398,Tenge,REFERENCE.CORE.CURRENCY,KZT,Tenge
,V8,999,The codes assigned for transactions where no currency is involved,REFERENCE.CORE.CURRENCY,XXX,The codes assigned for transactions where no currency is involved
,V8,780,Trinidad and Tobago Dollar,REFERENCE.CORE.CURRENCY,TTD,Trinidad and Tobago Dollar
,V8,496,Tugrik,REFERENCE.CORE.CURRENCY,MNT,Tugrik
,V8,788,Tunisian Dinar,REFERENCE.CORE.CURRENCY,TND,Tunisian Dinar
,V8,784,UAE Dirham,REFERENCE.CORE.CURRENCY,AED,UAE Dirham
,V8,800,Uganda Shilling,REFERENCE.CORE.CURRENCY,UGS,Uganda Shilling
,V8,840,US Dollar,REFERENCE.CORE.CURRENCY,USD,US Dollar
,V8,860,Uzbekistan Sum,REFERENCE.CORE.CURRENCY,UZS,Uzbekistan Sum
,V8,548,Vatu,REFERENCE.CORE.CURRENCY,VUV,Vatu
,V8,410,Won,REFERENCE.CORE.CURRENCY,KRW,Won
,V8,886,Yemeni Rial,REFERENCE.CORE.CURRENCY,YER,Yemeni Rial
,V8,392,Yen,REFERENCE.CORE.CURRENCY,JPY,Yen
,V8,156,Yuan Renminbi,REFERENCE.CORE.CURRENCY,CNY,Yuan Renminbi
,V8,894,Zambian Kwacha,REFERENCE.CORE.CURRENCY,ZMK,Zambian Kwacha
,V8,967,Zambian Kwacha,REFERENCE.CORE.CURRENCY,ZMW,Zambian Kwacha
,V8,924,Zimbabwe Gold,REFERENCE.CORE.CURRENCY,ZWG,Zimbabwe Gold
,V8,932,Zimbabwe Dollar,REFERENCE.CORE.CURRENCY,ZWL,Zimbabwe Dollar
,V8,985,Zloty,REFERENCE.CORE.CURRENCY,PLN,Zloty
,V8,303,#N/A,REFERENCE.CORE.CURRENCY,DQMapping,Source value cannot be mapped
,V8,383,#N/A,REFERENCE.CORE.CURRENCY,DQMapping,Source value cannot be mapped
,V8,540,#N/A,REFERENCE.CORE.CURRENCY,DQMapping,Source value cannot be mapped
,V8,583,#N/A,REFERENCE.CORE.CURRENCY,DQMapping,Source value cannot be mapped
,V8,000,#N/A,REFERENCE.CORE.CURRENCY,DQMapping,Source value cannot be mapped
