CURRENCY_CODE,CURRENCY_DESCRIPTION,CURRENCY_CODE_ISO_NNN,CURRENCY_ISO_MINOR_UNIT,IS_CURRENT_FLAG,IS_DELETED_FLAG,VALID_FROM_DATETIME,VALID_TO_DATETIME
AFA,Afghani,004,2,N,Y,1927-03-14,2002-12-31
ALK,Old Lek,008,2,N,Y,1946-11-01,1965-08-16
ALL,Lek,008,2,Y,N,1965-08-16,9999-12-31
DZD,Algerian Dinar,012,2,Y,N,1964-04-01,9999-12-31
ADP,Andorran Peseta,020,0,N,Y,1936-01-01,2001-12-31
AOK,Kwanza,024,0,N,Y,1977-01-08,1991-03-01
AON,New Kwanza,024,0,N,Y,1990-09-25,2000-02-01
AZM,Azerbaijanian Manat,031,2,N,Y,1993-11-22,2006-12-31
ARY,Peso,032,2,N,Y,1970-01-01,1983-06-01
ARP,Peso Argentino,032,2,N,Y,1983-06-01,1985-06-14
ARA,Austral,032,2,N,Y,1985-06-14,1992-01-01
ARS,Argentine Peso,032,2,Y,N,1992-01-01,9999-12-31
AUD,Australian Dollar,036,2,Y,N,1966-02-14,9999-12-31
ATS,Schilling,040,2,N,Y,1947-12-04,2002-02-28
BSD,Bahamian Dollar,044,2,Y,N,1966-05-25,9999-12-31
BHD,Bahraini Dinar,048,3,Y,N,1965-10-16,9999-12-31
BDT,Taka,050,2,Y,N,1972-01-01,9999-12-31
AMD,Armenian Dram,051,2,Y,N,1993-11-22,9999-12-31
BBD,Barbados Dollar,052,2,Y,N,1973-12-03,9999-12-31
BEF,Belgian Franc,056,2,N,Y,1831-02-07,2002-02-28
BMD,Bermudian Dollar,060,2,Y,N,1970-02-06,9999-12-31
BTN,Ngultrum,064,2,Y,N,1974-04-16,9999-12-31
BOP,Peso boliviano,068,2,N,Y,1963-01-01,1986-12-31
BOB,Boliviano,068,2,Y,N,1987-01-01,9999-12-31
BAD,Dinar,070,2,N,Y,1992-07-01,1994-08-15
BWP,Pula,072,2,Y,N,1976-08-23,9999-12-31
BRB,Cruzeiro,076,2,N,Y,1967-02-13,1986-02-28
BRC,Cruzado,076,2,N,Y,1986-02-28,1989-01-15
BRN,New Cruzado,076,2,N,Y,1989-01-15,1990-03-16
BRE,Cruzeiro,076,2,N,Y,1990-03-16,1993-08-01
BZD,Belize Dollar,084,2,Y,N,1974-01-01,9999-12-31
SBD,Solomon Islands Dollar,090,2,Y,N,1977-10-24,9999-12-31
BND,Brunei Dollar,096,2,Y,N,1967-06-12,9999-12-31
BGJ,Lev A/52,100,2,N,Y,1879-07-08,1952-05-12
BGK,Lev A/62,100,2,N,Y,1952-05-12,1962-01-01
BGL,Lev,100,2,N,Y,1962-01-01,1999-07-05
BUK,Kyat,104,2,N,Y,1952-07-01,1989-06-18
MMK,Kyat,104,2,Y,N,1989-06-18,9999-12-31
BIF,Burundi Franc,108,0,Y,N,1964-05-19,9999-12-31
BYB,Belarusian Ruble,112,2,N,Y,1994-08-01,2000-12-31
KHR,Riel,116,2,Y,N,1980-03-20,9999-12-31
CAD,Canadian Dollar,124,2,Y,N,1858-01-01,9999-12-31
CVE,Cabo Verde Escudo,132,2,Y,N,1914-01-01,9999-12-31
KYD,Cayman Islands Dollar,136,2,Y,N,1971-01-01,9999-12-31
LKR,Sri Lanka Rupee,144,2,Y,N,1978-05-22,9999-12-31
CLP,Chilean Peso,152,0,Y,N,1975-09-29,9999-12-31
CNY,Yuan Renminbi,156,2,Y,N,1953-03-01,9999-12-31
COP,Colombian Peso,170,2,Y,N,1905-01-01,9999-12-31
KMF,Comorian Franc,174,0,Y,N,1975-01-01,9999-12-31
ZRZ,Zaire,180,2,N,Y,1971-10-27,1993-11-01
ZRN,New Zaire,180,2,N,Y,1993-11-01,1998-07-31
CRC,Costa Rican Colon,188,2,Y,N,1896-10-26,9999-12-31
HRD,Croatian Dinar,191,2,N,Y,1991-12-23,1994-05-30
HRK,Croatian Kuna,191,2,N,Y,1994-05-30,1995-01-01
HRK,Kuna,191,2,N,Y,2015-06-01,2023-01-14
CUP,Cuban Peso,192,2,Y,N,1859-01-01,9999-12-31
CYP,Cyprus Pound,196,2,N,Y,1914-09-10,2008-01-31
CSK,Koruna,200,2,N,Y,1953-06-01,1993-02-07
CSJ,Krona A/53,203,2,N,Y,1945-11-01,1953-05-31
CZK,Czech Koruna,203,2,Y,N,1993-02-08,9999-12-31
DKK,Danish Krone,208,2,Y,N,1873-05-27,9999-12-31
DOP,Dominican Peso,214,2,Y,N,1947-10-01,9999-12-31
ECS,Sucre,218,0,N,Y,1884-04-01,2000-10-02
SVC,El Salvador Colon,222,2,Y,N,1919-11-11,9999-12-31
GQE,Ekwele,226,2,N,Y,1975-07-07,1986-06-01
ETB,Ethiopian Birr,230,2,Y,N,1976-09-15,9999-12-31
ERN,Nakfa,232,2,Y,N,1997-11-08,9999-12-31
EEK,Kroon,233,2,N,Y,1992-06-21,2010-12-31
FKP,Falkland Islands Pound,238,2,Y,N,1901-01-01,9999-12-31
FJD,Fiji Dollar,242,2,Y,N,1969-01-13,9999-12-31
FIM,Markka,246,2,N,Y,1963-01-01,2002-02-28
FRF,French Franc,250,2,N,Y,1959-01-01,2002-02-17
DJF,Djibouti Franc,262,0,Y,N,1977-06-27,9999-12-31
GEK,Georgian Coupon,268,0,N,Y,1993-04-05,1995-09-25
GMD,Dalasi,270,2,Y,N,1971-07-01,9999-12-31
DEM,Deutsche Mark,276,2,N,Y,1948-06-20,2002-05-15
DDM,Mark der DDR,278,2,N,Y,1948-07-20,1990-10-02
GHC,Cedi,288,2,N,Y,1979-03-09,2007-12-31
GIP,Gibraltar Pound,292,2,Y,N,1713-01-01,9999-12-31
GRD,Drachma,300,0,N,Y,1954-05-01,2002-02-28
GTQ,Quetzal,320,2,Y,N,1925-05-27,9999-12-31
GNE,Syli,324,2,N,Y,1971-01-01,1985-12-31
GNS,Syli,324,2,N,Y,1972-10-02,1986-01-06
GNF,Guinean Franc,324,0,Y,N,1986-01-06,9999-12-31
GYD,Guyana Dollar,328,2,Y,N,1966-05-26,9999-12-31
HTG,Gourde,332,2,Y,N,1872-08-26,9999-12-31
HNL,Lempira,340,2,Y,N,1926-04-03,9999-12-31
HKD,Hong Kong Dollar,344,2,Y,N,1895-02-02,9999-12-31
HUF,Forint,348,2,Y,N,1946-07-23,9999-12-31
ISJ,Old Krona,352,2,N,Y,1918-12-01,1981-01-01
ISK,Iceland Krona,352,0,Y,N,1981-01-01,9999-12-31
INR,Indian Rupee,356,2,Y,N,1835-08-17,9999-12-31
IDR,Rupiah,360,2,Y,N,1965-12-13,9999-12-31
IRR,Iranian Rial,364,2,Y,N,1932-05-13,9999-12-31
IQD,Iraqi Dinar,368,3,Y,N,1931-04-19,9999-12-31
IEP,Irish Pound,372,2,N,Y,1922-01-01,2002-02-09
ILP,Pound,376,2,N,Y,1948-08-16,1980-02-22
ILR,Old Shekel,376,2,N,Y,1980-02-22,1985-09-04
ILS,New Israeli Sheqel,376,2,Y,N,1985-09-04,9999-12-31
ITL,Italian Lira,380,0,N,Y,1862-08-24,2002-02-28
JMD,Jamaican Dollar,388,2,Y,N,1969-09-08,9999-12-31
JPY,Yen,392,0,Y,N,1871-06-01,9999-12-31
XAD,Arab Accounting Dinar,396,2,Y,N,2025-05-12,9999-12-31
KZT,Tenge,398,2,Y,N,1993-11-05,9999-12-31
JOD,Jordanian Dinar,400,3,Y,N,1950-07-01,9999-12-31
KES,Kenyan Shilling,404,2,Y,N,1966-09-14,9999-12-31
KPW,North Korean Won,408,2,Y,N,1959-04-17,9999-12-31
KRW,Won,410,0,Y,N,1962-06-10,9999-12-31
KWD,Kuwaiti Dinar,414,3,Y,N,1961-04-01,9999-12-31
KGS,Som,417,2,Y,N,1993-05-10,9999-12-31
LAJ,Pathet Lao Kip,418,2,N,Y,1976-06-16,1979-12-09
LAK,Lao Kip,418,2,Y,N,1979-12-10,9999-12-31
LBP,Lebanese Pound,422,2,Y,N,1948-02-02,9999-12-31
LSM,Loti,426,2,N,Y,1900-01-01,1985-04-30
LSL,Loti,426,2,Y,N,1985-05-01,9999-12-31
LVR,Latvian Ruble,428,2,N,Y,1992-05-07,1993-10-17
LVL,Latvian Lats,428,2,N,Y,1993-06-28,2013-12-31
LRD,Liberian Dollar,430,2,Y,N,1944-01-01,9999-12-31
LYD,Libyan Dinar,434,3,Y,N,1971-09-01,9999-12-31
LTT,Talonas,440,2,N,Y,1992-10-01,1993-06-25
LTL,Lithuanian Litas,440,2,N,Y,1993-06-25,2014-12-31
LUF,Luxembourg Franc,442,2,N,Y,1944-09-04,2002-02-28
MOP,Pataca,446,2,Y,N,1901-01-01,9999-12-31
MGF,Malagasy Franc,450,0,N,Y,1963-07-01,2004-12-31
MWK,Kwacha,454,2,N,Y,1971-02-15,2016-01-31
MWK,Malawi Kwacha,454,2,Y,N,2016-02-01,9999-12-31
MYR,Malaysian Ringgit,458,2,Y,N,1963-09-16,9999-12-31
MVQ,Maldive Rupee,462,2,N,Y,1947-01-01,1981-07-01
MVR,Rufiyaa,462,2,Y,N,1981-07-01,9999-12-31
MLF,Mali Franc,466,2,N,Y,1962-07-02,1984-08-31
MTP,Maltese Pound,470,2,N,Y,1914-08-13,1968-06-07
MTL,Maltese Lira,470,2,N,Y,1968-06-07,2008-01-31
MRO,Ouguiya,478,2,N,Y,1973-06-29,2018-06-30
MUR,Mauritius Rupee,480,2,Y,N,1934-04-01,9999-12-31
MXP,Mexican Peso,484,2,N,Y,1822-01-01,1992-12-31
MXN,Mexican Peso,484,2,Y,N,1993-01-01,9999-12-31
MNT,Tugrik,496,2,Y,N,1915-03-01,9999-12-31
MDL,Moldovan Leu,498,2,Y,N,1993-11-29,9999-12-31
MAD,Moroccan Dirham,504,2,Y,N,1959-10-17,9999-12-31
MZE,Mozambique Escudo,508,2,N,Y,1975-06-25,1980-06-16
MZM,Mozambique Metical,508,2,N,Y,1980-06-16,2006-12-31
OMR,Rial Omani,512,3,Y,N,1972-11-11,9999-12-31
NAD,Namibia Dollar,516,2,Y,N,1993-01-01,9999-12-31
NPR,Nepalese Rupee,524,2,Y,N,1933-01-01,9999-12-31
NLG,Netherlands Guilder,528,2,N,Y,1813-01-01,2002-02-28
ANG,Netherlands Antillean Guilder,532,2,N,Y,1940-05-10,2025-06-30
XCG,Caribbean Guilder,532,2,Y,N,2025-03-31,9999-12-31
AWG,Aruban Florin,533,2,Y,N,1986-01-01,9999-12-31
VUV,Vatu,548,0,Y,N,1981-01-01,9999-12-31
NZD,New Zealand Dollar,554,2,Y,N,1967-07-10,9999-12-31
NIC,Cordoba,558,2,N,Y,1988-02-15,1991-04-30
NIO,Cordoba Oro,558,2,Y,N,1991-04-30,9999-12-31
NGN,Naira,566,2,Y,N,1973-01-01,9999-12-31
NOK,Norwegian Krone,578,2,Y,N,1905-06-07,9999-12-31
PKR,Pakistan Rupee,586,2,Y,N,1948-04-01,9999-12-31
PAB,Balboa,590,2,Y,N,1903-11-04,9999-12-31
PGK,Kina,598,2,Y,N,1975-09-16,9999-12-31
PYG,Guarani,600,0,Y,N,1943-11-01,9999-12-31
PEH,Sol,604,2,N,Y,1863-02-14,1985-02-01
PES,Sol,604,2,N,Y,1863-02-14,1985-02-01
PEI,Inti,604,2,N,Y,1985-02-01,1991-07-01
PEN,Nuevo Sol,604,2,N,Y,1991-07-01,2015-11-30
PEN,Sol,604,2,Y,N,2015-12-01,9999-12-31
PHP,Philippine Peso,608,2,Y,N,1946-07-04,9999-12-31
PLZ,Zloty,616,2,N,Y,1950-10-28,1994-12-31
PTE,Portuguese Escudo,620,0,N,Y,1911-05-22,2002-02-28
GWE,Guinea Escudo,624,2,N,Y,1914-01-01,1976-02-28
GWP,Guinea-Bissau Peso,624,2,N,Y,1976-02-28,1997-03-31
TPE,Timor Escudo,626,0,N,Y,1959-01-02,2002-05-20
QAR,Qatari Rial,634,2,Y,N,1973-05-19,9999-12-31
ROK,Leu A/52,642,2,N,Y,1947-08-15,1952-01-27
ROL,Old Leu,642,0,N,Y,1952-01-28,2006-12-31
RUB,Russian Ruble,643,2,Y,N,1999-01-01,9999-12-31
RWF,Rwanda Franc,646,0,Y,N,1964-05-19,9999-12-31
SHP,Saint Helena Pound,654,2,Y,N,1917-02-15,9999-12-31
STD,Dobra,678,2,N,Y,1977-09-08,2018-06-30
SAR,Saudi Riyal,682,2,Y,N,1952-10-22,9999-12-31
SCR,Seychelles Rupee,690,2,Y,N,1903-11-01,9999-12-31
SLL,Leone,694,2,N,Y,1964-08-04,2023-12-31
SGD,Singapore Dollar,702,2,Y,N,1967-06-12,9999-12-31
SKK,Slovak Koruna,703,2,N,Y,1993-02-08,2009-01-16
VNC,Old Dong,704,2,N,Y,1978-05-03,1985-09-13
VND,Dong,704,0,Y,N,1985-09-14,9999-12-31
SIT,Tolar,705,2,N,Y,1991-10-08,2007-01-14
SOS,Somali Shilling,706,2,Y,N,1960-07-01,9999-12-31
ZAR,Rand,710,2,Y,N,1961-02-14,9999-12-31
ZWC,Rhodesian Dollar,716,2,N,Y,1970-02-17,1980-04-17
RHD,Rhodesian Dollar,716,2,N,Y,1970-02-17,1980-04-18
ZWD,Zimbabwe Dollar (old),716,2,N,Y,1980-04-18,2006-07-31
YDD,Yemeni Dinar,720,3,N,Y,1965-04-01,1996-06-11
ESP,Spanish Peseta,724,0,N,Y,1800-01-01,2002-02-28
SSP,South Sudanese Pound,728,2,Y,N,2011-07-18,9999-12-31
SDP,Sudanese Pound,736,2,N,Y,1957-04-08,1998-06-01
SDD,Sudanese Dinar,736,2,N,Y,1992-06-08,2007-06-30
SRG,Surinam Guilder,740,2,N,Y,1940-05-10,2003-12-31
SZL,Lilangeni,748,2,Y,N,1974-09-06,9999-12-31
SEK,Swedish Krona,752,2,Y,N,1873-05-27,9999-12-31
CHF,Swiss Franc,756,2,Y,N,1799-03-17,9999-12-31
SYP,Syrian Pound,760,2,Y,N,1948-01-01,9999-12-31
TJR,Tajik Ruble,762,0,N,Y,1995-05-10,2000-10-25
THB,Baht,764,2,Y,N,1928-04-15,9999-12-31
TOP,Pa’anga,776,2,Y,N,1966-02-14,9999-12-31
TTD,Trinidad and Tobago Dollar,780,2,Y,N,1964-01-01,9999-12-31
AED,UAE Dirham,784,2,Y,N,1973-05-19,9999-12-31
TND,Tunisian Dinar,788,3,Y,N,1958-11-01,9999-12-31
TRL,Old Turkish Lira,792,0,N,Y,1922-11-01,2005-12-31
TMM,Turkmenistan Manat,795,2,N,Y,1993-11-01,2009-01-01
UGS,Uganda Shilling,800,2,N,Y,1966-08-15,1987-05-15
UGX,Uganda Shilling,800,0,Y,N,1987-05-15,9999-12-31
UGW,Old Shilling,800,2,N,Y,1989-01-01,1989-12-31
UAK,Karbovanet,804,2,N,Y,1992-11-13,1996-09-01
MKD,Denar,807,2,Y,N,1993-05-20,9999-12-31
SUR,Rouble,810,2,N,Y,1961-01-01,1992-10-01
RUR,Russian Ruble,810,2,N,Y,1991-12-25,1998-12-31
EGP,Egyptian Pound,818,2,Y,N,1885-11-14,9999-12-31
GBP,Pound Sterling,826,2,Y,N,1694-07-27,9999-12-31
TZS,Tanzanian Shilling,834,2,Y,N,1966-06-14,9999-12-31
USD,US Dollar,840,2,Y,N,1792-01-01,9999-12-31
UYN,Old Uruguay Peso,858,2,N,Y,1896-01-01,1975-06-30
UYP,Uruguayan Peso,858,2,N,Y,1975-07-01,1993-03-01
UYU,Peso Uruguayo,858,2,Y,N,1993-03-01,9999-12-31
UZS,Uzbekistan Sum,860,2,Y,N,1994-07-01,9999-12-31
VEB,Bolivar,862,2,N,Y,1871-05-11,2008-06-30
WST,Tala,882,2,Y,N,1967-07-10,9999-12-31
YER,Yemeni Rial,886,2,Y,N,1990-05-22,9999-12-31
YUD,New Yugoslavian Dinar,890,2,N,Y,1966-01-01,1989-12-31
YUN,Yugoslavian Dinar,890,2,N,Y,1990-01-01,1992-07-24
YUM,New Dinar,891,2,N,Y,1994-01-24,2002-05-15
CSD,Serbian Dinar,891,2,N,Y,2002-05-15,2006-10-25
ZMK,Zambian Kwacha,894,2,N,Y,1968-01-16,2013-06-30
TWD,New Taiwan Dollar,901,2,Y,N,1949-06-15,9999-12-31
ZWG,Zimbabwe Gold,924,2,Y,N,2024-06-25,9999-12-31
SLE,Leone,925,2,Y,N,2022-07-01,9999-12-31
VED,Bolívar Soberano,926,2,Y,N,2021-10-01,9999-12-31
UYW,Unidad Previsional,927,4,Y,N,2018-08-29,9999-12-31
VES,Bolívar Soberano,928,2,Y,N,2018-08-20,9999-12-31
MRU,Ouguiya,929,2,Y,N,2018-01-01,9999-12-31
STN,Dobra,930,2,Y,N,2018-01-01,9999-12-31
CUC,Peso Convertible,931,2,N,Y,1994-01-01,2021-06-30
ZWL,Zimbabwe Dollar,932,2,N,Y,2009-02-02,2024-08-31
BYN,Belarusian Ruble,933,2,Y,N,2016-07-01,9999-12-31
TMT,Turkmenistan New Manat,934,2,Y,N,2009-01-01,9999-12-31
ZWR,Zimbabwe Dollar,935,2,N,Y,2008-08-01,2009-02-01
GHS,Ghana Cedi,936,2,Y,N,2007-07-03,9999-12-31
VEF,Bolivar Fuerte,937,2,N,Y,2008-01-01,2011-11-30
VEF,Bolivar,937,2,N,Y,2011-12-01,2016-01-31
VEF,Bolívar,937,2,N,Y,2016-02-01,2018-08-19
SDG,Sudanese Pound,938,2,Y,N,2007-01-10,9999-12-31
GHP,Ghana Cedi,939,2,N,Y,1900-01-01,2007-05-31
UYI,Uruguay Peso en Unidades Indexadas (UI),940,0,Y,N,2002-06-01,9999-12-31
RSD,Serbian Dinar,941,2,Y,N,2006-10-25,9999-12-31
ZWN,Zimbabwe Dollar (new),942,2,N,Y,2006-08-01,2008-07-31
MZN,Mozambique Metical,943,2,Y,N,2006-07-01,9999-12-31
AZN,Azerbaijan Manat,944,2,Y,N,2006-01-01,9999-12-31
AYM,Azerbaijan Manat,945,0,N,Y,2005-06-01,2005-10-13
RON,New Romanian Leu,946,2,N,Y,2005-07-01,2015-05-31
RON,Romanian Leu,946,2,Y,N,2015-06-01,9999-12-31
CHE,WIR Euro,947,2,Y,N,2004-12-01,9999-12-31
CHC,WIR Franc (for electronic),948,2,N,Y,1900-01-01,2004-11-30
CHW,WIR Franc,948,2,Y,N,2004-12-01,9999-12-31
TRY,New Turkish Lira,949,2,N,Y,2005-01-01,2008-12-31
TRY,Turkish Lira,949,2,Y,N,2009-01-01,9999-12-31
XAF,CFA Franc BEAC,950,0,Y,N,1973-04-01,9999-12-31
XCD,East Caribbean Dollar,951,2,Y,N,1965-10-06,9999-12-31
XOF,CFA Franc BCEAO,952,0,Y,N,1958-11-24,9999-12-31
XPF,CFP Franc,953,0,Y,N,1945-12-26,9999-12-31
XEU,European Currency Unit (E.C.U),954,0,N,Y,1979-01-01,1998-12-31
XBA,Bond Markets Unit European Composite Unit (EURCO),955,N.A.,Y,N,1900-01-01,9999-12-31
XBB,Bond Markets Unit European Monetary Unit (E.M.U.-6),956,N.A.,Y,N,1900-01-01,9999-12-31
XBC,Bond Markets Unit European Unit of Account 9 (E.U.A.-9),957,N.A.,Y,N,1900-01-01,9999-12-31
XBD,Bond Markets Unit European Unit of Account 17 (E.U.A.-17),958,N.A.,Y,N,1900-01-01,9999-12-31
XAU,Gold,959,N.A.,Y,N,1900-01-01,9999-12-31
XDR,SDR (Special Drawing Right),960,N.A.,Y,N,1969-07-28,9999-12-31
XAG,Silver,961,N.A.,Y,N,1900-01-01,9999-12-31
XPT,Platinum,962,N.A.,Y,N,1900-01-01,9999-12-31
XTS,Codes specifically reserved for testing purposes,963,N.A.,Y,N,1900-01-01,9999-12-31
XPD,Palladium,964,N.A.,Y,N,1900-01-01,9999-12-31
XUA,ADB Unit of Account,965,N.A.,Y,N,2011-04-07,9999-12-31
ZMW,Zambian Kwacha,967,2,Y,N,2013-01-01,9999-12-31
SRD,Surinam Dollar,968,2,Y,N,2004-01-01,9999-12-31
MGA,Malagasy Ariary,969,2,Y,N,1983-11-01,9999-12-31
COU,Unidad de Valor Real,970,2,Y,N,2000-01-01,9999-12-31
AFN,Afghani,971,2,Y,N,2002-10-07,9999-12-31
TJS,Somoni,972,2,Y,N,2000-10-26,9999-12-31
AOA,Kwanza,973,2,Y,N,1999-12-13,9999-12-31
BYR,Belarusian Ruble,974,0,N,Y,2000-01-01,2017-01-01
BGN,Bulgarian Lev,975,2,N,Y,1999-07-05,2026-01-31
CDF,Congolese Franc,976,2,Y,N,1998-07-01,9999-12-31
BAM,Convertible Mark,977,2,Y,N,1995-01-01,9999-12-31
EUR,Euro,978,2,Y,N,1999-01-01,9999-12-31
MXV,Mexican Unidad de Inversion (UDI),979,2,Y,N,1995-04-04,9999-12-31
UAH,Hryvnia,980,2,Y,N,1996-09-02,9999-12-31
GEL,Lari,981,2,Y,N,1995-09-23,9999-12-31
AOR,Kwanza Reajustado,982,0,N,Y,1995-07-01,2000-02-01
ECV,Unidad de Valor Constante (UVC),983,2,N,Y,1993-05-23,2000-01-09
BOV,Mvdol,984,2,Y,N,1900-01-01,9999-12-31
PLN,Zloty,985,2,Y,N,1995-01-01,9999-12-31
BRL,Brazilian Real,986,2,Y,N,1994-07-01,9999-12-31
BRR,Cruzeiro Real,987,2,N,Y,1993-08-01,1994-07-01
LUL,Luxembourg Financial Franc,988,N.A.,N,Y,1970-01-01,1990-03-05
LUC,Luxembourg Convertible Franc,989,N.A.,N,Y,1970-01-01,1990-03-05
CLF,Unidad de Fomento,990,4,Y,N,1967-01-20,9999-12-31
ZAL,Financial Rand,991,2,N,Y,1985-09-01,1995-03-13
BEL,Financial Franc,992,N.A.,N,Y,1970-01-01,1990-03-05
BEC,Convertible Franc,993,N.A.,N,Y,1970-01-01,1990-03-05
XSU,Sucre,994,N.A.,Y,N,2010-08-17,9999-12-31
ESB,"""A"" Account (convertible Peseta Account)",995,N.A.,N,Y,1975-01-01,1994-12-31
ESA,Spanish Peseta,996,N.A.,N,Y,1978-01-01,1981-12-31
USN,US Dollar (Next day),997,2,Y,N,1900-01-01,9999-12-31
USS,US Dollar (Same day),998,2,N,Y,1900-01-01,2014-03-01
XXX,The codes assigned for transactions where no currency is involved,999,N.A.,Y,N,1900-01-01,9999-12-31
XRE,RINET Funds Code,,N.A.,N,Y,1900-01-01,1999-11-30
XFU,UIC-Franc,,N.A.,N,Y,1900-01-01,2013-11-30
XFO,Gold-Franc,,N.A.,N,Y,1930-01-01,2003-04-01
DQMapping,Source value cannot be mapped,,N.A.,Y,N,1900-01-01,9999-12-31
DQMissing,Source value not provided,,N.A.,Y,N,1900-01-01,9999-12-31
DQNotApplicable,Source value not required,,N.A.,Y,N,1900-01-01,9999-12-31
